title;start;CES_parameters;c_keep_iteration_gdxes;cm_startIter_EDGET;cm_calibration_string;slurmConfig;regionmapping;c_CES_calibration_new_structure;optimization;c_testOneRegi_region;cm_nash_autoconverge;cm_nash_mode;c_regi_earlyreti_rate;c_tech_earlyreti_rate;trade;c_ccsinjecratescen;cm_bioprod_histlim;cm_biotrade_phaseout;cm_1stgen_phaseout;c_BaselineAgriEmiRed;cm_altFeEmiFac;cm_ariadne_VRECapFac_adj;cm_wind_offshore;cm_VRE_supply_assumptions;cm_flex_tax;cm_PriceDurSlope_elh2;cm_build_H2costAddH2Inv;cm_CESMkup_build;cm_CESMkup_ind;cm_FEtax_trajectory_abs;cm_FEtax_trajectory_rel;cm_INNOPATHS_inco0Factor;cm_INNOPATHS_adj_coeff_multiplier;cm_INNOPATHS_adj_seed_multiplier;cm_iteration_max;cm_techcosts;cm_rcp_scen;cm_iterative_target_adj;subsidizeLearning;c_budgetCO2from2020;carbonprice;cm_co2_tax_2020;cm_peakBudgYr;cm_taxCO2inc_after_peakBudgYr;cm_CO2priceRegConvEndYr;regipol;cm_quantity_regiCO2target;cm_regiCO2target;cm_implicitFE;cm_implFETarget;cm_NucRegiPol;cm_CoalRegiPol;capitalMarket;industry;buildings;transport;cm_EDGEtr_scen;cm_co2_tax_growth;cm_emiscen;techpol;cm_multigasscen;water;cm_POPscen;cm_GDPscen;cm_demScen;cm_startyear;path_gdx;path_gdx_ref
_____Calibration_____;0;;;;;;;;;;;;;;;;;;;;;;;;;;;;;;;;;;;;;;;;;;;;;;;;;;;;;;;;;;;;;;;;;;;
Calib_INT;1;calibrate;0;5;;14;config/regionmappingH12.csv;1;nash;CHA;1;parallel;GLO 0.09, EUR_regi 0.09;off;standard;1;-1;0;0;0;EUR_regi, NEU_regi;on;1;1;0;20;0.2;standard;standard;off;off;off;off;off;1;REG;none;0;off;0;none;-1;2100;3;2050;none;off;off;off;off;off;off;debt_limit;subsectors;simple;edge_esm;Mix1;1.05;1;none;2;heat;pop_SSP2EU;gdp_SSP2EU;gdp_SSP2EU;2005;;
_____Runs for first years____;0;;;;;;;;;;;;;;;;;;;;;;;;;;;;;;;;;;;;;;;;;;;;;;;;;;;;;;;;;;;;;;;;;;;
Base_INT;0;load;0;14;chinamain4;5;config/regionmappingH12.csv;0;nash;CHA;1;parallel;GLO 0.09, EUR_regi 0.09;off;standard;1;1.1;0;0;0;EUR_regi, NEU_regi;on;1;1;0;20;0.2;standard;standard;off;off;off;off;off;1;REG;none;0;off;0;none;-1;2100;3;2050;none;off;off;off;off;off;off;debt_limit;subsectors;simple;edge_esm;Mix1;1.05;1;none;2;heat;pop_SSP2EU;gdp_SSP2EU;gdp_SSP2EU;2005;;
Ref-gd40_INT;0;load;0;14;chinamain4;5;config/regionmappingH12.csv;0;nash;CHA;1;parallel;GLO 0.09, EUR_regi 0.09;GLO.(biodiesel 0.14, bioeths 0.14), EUR_regi.(biodiesel 0.15, bioeths 0.15), USA_regi.pc 0.13, REF_regi.pc 0.13, CHA_regi.pc 0.04;standard;1;1.1;0;0;0;EUR_regi, NEU_regi;on;1;1;0;20;0.2;standard;standard;off;off;off;off;off;1;REG;rcp26;3;globallyOptimal;1150;diffCurvPhaseIn2Lin;60;2100;3;2050;regiCarbonPrice;off;2020.2060.CHA.year.netCO2 0.01, 2020.2050.EUR.year.netCO2 0.01, 2020.2050.USA.year.netCO2 0.01, 2020.2050.JPN.year.netCO2 0.01;off;off;off;off;debt_limit;subsectors;simple;edge_esm;Mix4;1.05;9;NDC;3;heat;pop_SSP2EU;gdp_SSP2EU;gdp_SSP2EU;2020;;Base_INT
_____Ariadne scenarios_____;0;;;;;;;;;;;;;;;;;;;;;;;;;;;;;;;;;;;;;;;;;;;;;;;;;;;;;;;;;;;;;;;;;;;
Trend_INT;0;load;0;14;chinamain4;5;config/regionmappingH12.csv;0;nash;CHA;2;parallel;GLO 0.09, EUR_regi 0.09;GLO.(biodiesel 0.14, bioeths 0.14), EUR_regi.(biodiesel 0.15, bioeths 0.15), USA_regi.pc 0.13, REF_regi.pc 0.13, CHA_regi.pc 0.04;standard;2;1.1;0;0;0;EUR_regi, NEU_regi;on;1;1;0;20;0.2;standard;standard;2040.build.fehos 100;off;off;off;off;1;REG;rcp26;9;globallyOptimal;1750;diffCurvPhaseIn2Lin;60;2100;3;2050;regiCarbonPrice;off;2020.2060.CHA.budget.netCO2 235, 2020.2050.EUR.year.netCO2 0.01, 2020.2050.USA.year.netCO2 0.01, 2020.2050.JPN.year.netCO2 0.01;off;off;off;off;debt_limit;subsectors;simple;edge_esm;Mix3;1.05;9;NDC;3;heat;pop_SSP2EU;gdp_SSP2EU;gdp_SSP2EU;2015;;Base_INT
Bal_INT;0;load;0;14;chinamain4;5;config/regionmappingH12.csv;0;nash;CHA;2;parallel;GLO 0.09, EUR_regi 0.09;GLO.(biodiesel 0.14, bioeths 0.14), EUR_regi.(biodiesel 0.15, bioeths 0.15), USA_regi.pc 0.13, REF_regi.pc 0.13, CHA_regi.pc 0.04;standard;2;1.1;0;1;0.4;EUR_regi, NEU_regi;on;1;1;0;20;0.2;feelhpb 1.32;standard;2040.build.fehos 100;off;off;0.5;2;1;REG;rcp26;9;globallyOptimal;1150;diffCurvPhaseIn2Lin;100;2080;3;2050;regiCarbonPrice;off;2020.2060.CHA.year.netCO2 0.01, 2020.2050.EUR.year.netCO2 0.01, 2020.2050.USA.year.netCO2 0.01, 2020.2050.JPN.year.netCO2 0.01;off;off;off;off;debt_limit;subsectors;simple;edge_esm;Mix4;1.05;9;NDC;2;heat;pop_SSP2EU;gdp_SSP2EU;gdp_SSP2EU;2025;;Ref-gd40_INT
Elec_dom_INT;0;load;0;14;chinamain4;5;config/regionmappingH12.csv;0;nash;CHA;2;parallel;GLO 0.09, EUR_regi 0.09;GLO.(biodiesel 0.14, bioeths 0.14), EUR_regi.(biodiesel 0.15, bioeths 0.15), USA_regi.pc 0.13, REF_regi.pc 0.13, CHA_regi.pc 0.04;standard;2;1.1;0;1;0.4;EUR_regi, NEU_regi;on;1;1;0;20;0.2;feelhpb 0.87;standard;2040.indst.feels 0.1, 2040.indst.fehes 50, 2040.indst.feh2s 50, 2040.indst.fesos 100, 2040.indst.fehos 100, 2040.indst.fegas 100, 2040.build.fehos 100, 2040.build.fehes 50, 2040.build.fegas 50, 2040.build.fesos 50;off;off;0.5;2;1;REG;rcp26;9;globallyOptimal;1150;diffCurvPhaseIn2Lin;100;2080;3;2050;regiCarbonPrice;off;2020.2060.CHA.year.netCO2 0.01, 2020.2050.EUR.year.netCO2 0.01, 2020.2050.USA.year.netCO2 0.01, 2020.2050.JPN.year.netCO2 0.01;off;off;off;off;debt_limit;subsectors;simple;edge_esm;Mix4;1.05;9;NDC;2;heat;pop_SSP2EU;gdp_SSP2EU;gdp_SSP2EU;2025;;Ref-gd40_INT
H2_dom_INT;0;load;0;14;chinamain4;5;config/regionmappingH12.csv;0;nash;CHA;2;parallel;GLO 0.09, EUR_regi 0.09;GLO.(biodiesel 0.14, bioeths 0.14), EUR_regi.(biodiesel 0.15, bioeths 0.15), USA_regi.pc 0.13, REF_regi.pc 0.13, CHA_regi.pc 0.04;standard;2;1.1;0;1;0.4;EUR_regi, NEU_regi;on;1;1;1;10;0;feelhpb 2.5;standard;2040.indst.feels 100, 2040.indst.fehes 50, 2040.indst.feh2s 0.1, 2040.indst.fesos 100, 2040.indst.fehos 100, 2040.indst.fegas 100, 2040.build.fehos 100, 2040.build.feh2s 0.1;off;tdh2s 0.5, tdh2t 0.5;0.5;2;1;REG;rcp26;9;globallyOptimal;1150;diffCurvPhaseIn2Lin;100;2080;3;2050;regiCarbonPrice;off;2020.2060.CHA.year.netCO2 0.01, 2020.2050.EUR.year.netCO2 0.01, 2020.2050.USA.year.netCO2 0.01, 2020.2050.JPN.year.netCO2 0.01;off;off;off;off;debt_limit;subsectors;simple;edge_esm;Mix4;1.05;9;NDC;2;heat;pop_SSP2EU;gdp_SSP2EU;gdp_SSP2EU;2025;;Ref-gd40_INT
oTS_INT;0;load;0;14;chinamain4;5;config/regionmappingH12.csv;0;nash;CHA;2;parallel;GLO 0.09, EUR_regi 0.09;GLO.(biodiesel 0.14, bioeths 0.14), EUR_regi.(biodiesel 0.15, bioeths 0.15), USA_regi.pc 0.13, REF_regi.pc 0.13, CHA_regi.pc 0.02;standard;2;1.1;0;1;0.4;EUR_regi, NEU_regi;on;1;1;1;10;0.2;feelhpb 0.87;standard;2040.indst.feels 0.1, 2040.indst.fehes 50, 2040.indst.feh2s 0.1, 2040.indst.fesos 100, 2040.indst.fehos 100, 2040.indst.fegas 100, 2040.build.fehos 100, 2040.build.fehes 50, 2040.build.fegas 50, 2040.build.fesos 50;off;tdh2s 0.5, tdh2t 0.5;0.5;2;1;REG;rcp26;9;globallyOptimal;1150;diffCurvPhaseIn2Lin;100;2080;3;2050;regiCarbonPrice;off;2020.2060.CHA.year.netCO2 0.01, 2020.2050.EUR.year.netCO2 0.01, 2020.2050.USA.year.netCO2 0.01, 2020.2050.JPN.year.netCO2 0.01;off;off;off;off;debt_limit;subsectors;simple;edge_esm;Mix4;1.05;9;NDC;2;heat;pop_SSP2EU;gdp_SSP2EU;gdp_SSP2EU;2025;;Ref-gd40_INT
____Tests___;0;;;;;;;;;;;;;;;;;;;;;;;;;;;;;;;;;;;;;;;;;;;;;;;;;;;;;;;;;;;;;;;;;;;
CHA_Base;0;load;0;14;chinamain4;5;config/regionmappingH12.csv;0;testOneRegi;CHA;1;parallel;GLO 0.09, EUR_regi 0.09;GLO.pc 0.05, EUR_regi.pc 0.09;standard;1;1.1;0;0;0;EUR_regi, NEU_regi;on;1;1;0;20;0.2;standard;standard;off;off;off;off;off;1;REG;none;0;off;0;none;-1;2100;3;2050;regiCarbonPrice;off;off;off;off;off;off;debt_limit;subsectors;simple;edge_esm;Mix;1.05;1;none;2;heat;pop_SSP2EU;gdp_SSP2EU;gdp_SSP2EU;2005;;
